AR Name,Client Name,Project Name,Project Code,PAR,Invoice Amount,Amount (PHP),Currency,Sales Remarks,Finance Remarks,Status,AM,Amount Collected,Amount Collected (PHP),Balance (PHP),Year,Business Unit,Signed CE,Internal CE,Invoice Request,Invoice Number,SI Number,Invoice,Invoice Date,Collection Date,CE Collection Date,Invoice Aging (days),CE Aging,Collection Week
MPL PH S17 Addedum for Gen Set Full Payment (50%),Moonton Philippines Technology Inc.,MPL PH S17 Addendum (Genset Diesel),2026TEG-P0085,202603300095,324889.6,"324,889.60",PHP,,,Pending Invoice Request Approval,Marcus Joaquin Viray Gonzales,,,,2026,PDEI-Event Service,CE-2026TEG-P0085-MPL PH S17 Addendum.pdf,https://docs.google.com/spreadsheets/d/1wPgnLLpi1hbpY9t9l9EJr3FNYeQ4WrECK7BTcEaM7Xw/edit?usp=sharing,2.02606050092e+11,,,,,2026/07/01,,0,0y 0m 0d late,27
MPL PH S17 Full Payment,Moonton Philippines Technology Inc.,MPL PH S17,2026TEG-P0009,202602190021,9.70495566e+06,"9,704,955.66",PHP,June 1: On Track for July 1,,Pending Invoice Request Approval,Marcus Joaquin Viray Gonzales,,,,2026,PDEI-Event Service,[REVISED] CE-2026TEG-P0009-MPL PH S17.pdf,https://docs.google.com/spreadsheets/d/1TO1l4QgZu9SyxbryM68AwIFA3bOs1KqhbjbsOmyBXPc/edit?usp=sharing,2.02606050091e+11,,,,,2026/07/01,,0,0y 0m 0d late,27
LapakGaming MPL Playoffs Festival Booth 20% Downpayment,LapakGaming,LapakGaming MPL Playoffs Festival Booth,2026TEG-P0137,202605240013,738.36,"42,086.52",USD,Asked ID for payment arrangement,,Pending Invoice Request Approval,"Carlos Roberto Francisco, David, IV Coscolluela",,,,2026,PDEI-Event Service,[Signed] CE_2026TEG-P0137_Lapak Gaming. x MPL Festival - Quotation (Automated) (.pdf,https://docs.google.com/spreadsheets/d/1ZXFhWuEjPoYkbjrn-TC-8jc6iauHfyjuLIIT6XggMxM/edit?gid=1329781562#gid=1329781562,2.02605250079e+11,,,,,2026/06/30,2026/05/23,0,0y 1m 7d late,27
MCGG Season 6 Crew Clash x Elgin Full Payment,Mineski ID,MCGG Season 6 Crew Clash x Elgin,2026TEG-P0112,202605120079,1613.02,"91,942.14",USD,Invoice filed,,Pending Invoice Request Approval,"Carlos Roberto Francisco, David, IV Coscolluela",,,,2026,PDEI-Game Marketing,,https://docs.google.com/spreadsheets/d/1Hgym4s6pwcOD7QQPWOg500atgMVyMEIQFyzCUW7H7l0/edit?usp=sharing,2.02606090074e+11,,,,,2026/06/30,,0,0y 0m 0d late,27
GTCC September Arena Full Payment,Gamemaster Integrated,GTCC September Arena,2025TEG-P0107,,9.41028532e+06,"9,410,285.32",PHP,June 1: Payment processing on track for on or before June 15. Awaiting client's legal team to send us 5 copies for wet signature. ,,For Invoicing,Alvaro Miguel Dela Vega Santos,,,,2025,PDEI-Event Service,,,,,,,,2026/10/30,,0,0y 0m 0d late,44
LapakGaming MPL Playoffs Festival Booth 80% Full Payment,LapakGaming,LapakGaming MPL Playoffs Festival Booth,2026TEG-P0137,202605240013,2953.43,"168,345.51",USD,Asked ID for payment arrangement June 2,,For Invoicing,"Carlos Roberto Francisco, David, IV Coscolluela",,,,2026,PDEI-Event Service,[Signed] CE_2026TEG-P0137_Lapak Gaming. x MPL Festival - Quotation (Automated) (.pdf,https://docs.google.com/spreadsheets/d/1ZXFhWuEjPoYkbjrn-TC-8jc6iauHfyjuLIIT6XggMxM/edit?gid=1329781562#gid=1329781562,,,,,,2026/06/05,2026/06/05,0,0y 0m 0d late,23
"BPI Ready, Ipon, Game! Creatives Project Full Payment",BPI,"BPI Ready, Ipon, Game! Creatives Project",2026TEG-P0125,202605210040,45000,"45,000.00",PHP,Project to be completed June 8,,For Invoicing,"Carlos Roberto Francisco, David, IV Coscolluela",,,,2026,PDEI-Game Marketing,,https://docs.google.com/spreadsheets/d/16jxIxyn6yh3Vh3zAqPmiXjjKulkTMobAUzEZmuCq-gs/edit?usp=sharing,,,,,,2026/06/30,,0,0y 0m 0d late,27
SM Cyberzone Game Fest 2026 Payments,SM Prime Holdings Inc.,SM Cyberzone Game Fest 2026,2025TEG-P0340,202605150074,3.1346658e+06,"3,134,665.80",PHP,June 29: To be processed after Final (Davao) leg as this requires GR number from Cyberzone team,,For Invoicing,Shanna Mae Alindada Sacsi,,,,2026,PDEI-Event Service,,https://docs.google.com/spreadsheets/d/10qldLpQSaBmtVFzO1p5BzkD7Xz6MMejiFJ3r3yOUQ5o/edit?usp=sharing,,,,,,2026/10/31,,0,0y 0m 0d late,44
Addendum - SM Cyberzone Game Fest 2026 Payments,"SM Prime Holdings Inc.,SM Prime Holdings Inc. ","[Addendum] DOTA Casters - SM Cyberzone Game Fest 2026,[Addendum] PCs & PS5 Rental - SM Cyberzone Game Fest 2026",2026TEG-P0128,202605150074,94070.59,"94,070.59",PHP,June 29: To be processed after Final (Davao) leg as this requires GR number from Cyberzone team,,For Invoicing,"Shanna Mae Alindada Sacsi
Shanna Mae Alindada Sacsi",,,,"2026,2026",PDEI-Event Service,,"https://docs.google.com/spreadsheets/d/10qldLpQSaBmtVFzO1p5BzkD7Xz6MMejiFJ3r3yOUQ5o/edit?usp=sharing
https://docs.google.com/spreadsheets/d/10qldLpQSaBmtVFzO1p5BzkD7Xz6MMejiFJ3r3yOUQ5o/edit?usp=sharing",,,,,,2026/10/31,,0,0y 0m 0d late,44
World of Tanks HEAT May KOL Campaign Full PAyment,Wargaming,World of Tanks HEAT May KOL Campaign,2026TEG-P0110,,500,"28,500.00",USD,,,For Invoicing,"Carlos Roberto Francisco, David, IV Coscolluela",,,,2026,PDEI-Game Marketing,World Of Tanks HEAT GianSanity Campaign CE - QUOTATION_signed.pdf,https://docs.google.com/spreadsheets/d/1VOIWlS22204IyCsG0WN7DZnLnIKIE9dsVHRQiERh_Rg/edit?usp=sharing,,,,,,2026/06/30,2026/07/13,0,0y 0m 13d early,27
PUBGM 8th Anniv. Offline Event Full Payment,Level Infinite,PUBGM 8th Anniv. Offline Event,2026TEG-P0066,202603150011,55438.6,"3,160,000.20",USD,"May 13: USD invoice sent.
June 14: ETA of payment. Confirmed by Hee",,For Collection,Shanna Mae Alindada Sacsi,,,,2026,GG-Event Service,[MAIN] PUBG Mobile 8th Anniversary Event - [USD] Quote.pdf,https://docs.google.com/spreadsheets/d/1YsUVVq1imzd4Aa6itrwd5CHvLE5pXHONCg2sBvoKuKM/edit?usp=sharing,2.02605090002e+11,INV-0177,,Invoice INV-0177 __ SI#166.pdf,2026/05/12,2026/08/24,,104,0y 0m 0d late,35
Add-Ons - PUBG Mobile 8th Anniversary Event Full Payment,Level Infinite,Add-Ons - PUBG Mobile 8th Anniversary Event,2026TEG-P0080,202603170065,6824.56,"388,999.92",USD,"May 13: USD invoice sent.
June 14: ETA of payment. Confirmed by Hee",,For Collection,Shanna Mae Alindada Sacsi,,,,2026,GG-Event Service,[ADD ONS] PUBG Mobile 8th Anniversary Event - [USD] Quote.pdf,https://docs.google.com/spreadsheets/d/1YsUVVq1imzd4Aa6itrwd5CHvLE5pXHONCg2sBvoKuKM/edit?usp=sharing,2.02605090003e+11,INV-0178,,Invoice INV-0178 _ SI#167.pdf,2026/05/12,2026/08/24,,104,0y 0m 0d late,35
Ragnarok V Phase 2 Full Payment,Alika Company Limited,Ragnarok V Phase 2,2025TEG-P0134,202505090028,500,"28,500.00",USD,No update from Jaseem,,For Collection,Shanna Mae Alindada Sacsi,,,,2025,PDEI-Game Marketing,CE_2025TEG-P0134 Ragnarok V_ Returns (PHASE 2) (1).pdf,https://docs.google.com/spreadsheets/d/1MH2_lfmDLND4jYgGup1reJtg5cY9rY8LbylIbzHLPiI/edit?usp=sharing,2.0250901008e+11,INV-1487,,Invoice INV-1487_Ragnarok V Phase 2.pdf,2025/09/02,2026/08/31,2025/08/19,363,1y 0m 12d late,36
The Ragnarok Phase 8 Full Payment,Alika Company Limited,The Ragnarok Phase 8,2025TEG-P0136,202505090030,2200,"125,400.00",USD,No update from Jaseem,,For Collection,Shanna Mae Alindada Sacsi,,,,2025,PDEI-Game Marketing,CE_2025TEG-P0136 The Ragnarok Phase 8 (1).pdf,https://docs.google.com/spreadsheets/d/1AcqoXkyfwrOxribeUf28DM78gK7Op5SBPcAAFBOdnCQ/edit?usp=sharing,2.02509010078e+11,INV-1488,,Invoice INV-1488_Ragnarok Phase 8.pdf,2025/09/02,2026/08/31,2025/08/19,363,1y 0m 12d late,36
The Ragnarok Phase 9 Full Payment,Alika Company Limited,The Ragnarok Phase 9,2025TEG-P0161,202506040161,1700,"96,900.00",USD,No update from Jaseem,,For Collection,Shanna Mae Alindada Sacsi,,,,2025,PDEI-Game Marketing,CE_ 2025TEG-P0161 Ragnarok Phase 9.pdf,https://docs.google.com/spreadsheets/d/10WQ5NY7DO4FZMxxOLb0unlR-58gifxaFBlgpwKnIthI/edit?usp=sharing,2.02509020063e+11,INV-1489,,Invoice INV-1489_Ragnarok Phase 9.pdf,2025/09/02,2026/08/31,2025/08/19,363,1y 0m 12d late,36
Minotaur x Jollibee GameJoy Launch Full Payment,Minotaur Advertising Inc,Minotaur x Jollibee GameJoy Launch,2025TEG-P0091,202504080039,2.14559897e+06,"2,145,598.97",PHP,To nudge Jamie for this,,For Collection,Shanna Mae Alindada Sacsi,,,,2025,PDEI-Game Marketing,CE_2025TEG-P0091_Jollibee GameJoy Launch_SIGNED.pdf,https://docs.google.com/spreadsheets/d/1Jf_HS5mI9_KQ2TLZgYeXGQJWuC3Tw1NnrO1-6my7dsg/edit?usp=sharing,2.02510270099e+11,INV-1520,,INV-1520.pdf,2025/10/30,2026/12/31,2025/10/31,427,1y 2m 0d late,53
Globe x GG truck: Project Kristine On Wheels (KOW) Full Payment,Globe Telecom Inc,Globe x GG Truck: Win the Fam 2025,2025TEG-P0287,202511050059,783936,"783,936.00",PHP,"May 6: DP Collected
May 20: Further updates on project completion TBC by client. Possible July execution",,For Collection,Shanna Mae Alindada Sacsi,,,,2026,PDEI-Event Service,Globe Project KOW x GGTruck CE - 2025TEG-P0287 (signed).pdf,https://docs.google.com/spreadsheets/d/1yy69F7lEsh3ie8yXJ9qI3OL1hlqsUxsEWT4Wj954UU4/edit?usp=sharing,2.02511170016e+11,INV-1540,475,"Invoice INV-1540.pdf,Invoice 475.pdf",2025/11/18,2026/06/30,2025/12/12,224,0y 6m 18d late,27
MCGG Rising Stars Season 4 x Elgin Full Payment,Mineski TH,MCGG Rising Stars Season 4 x Elgin,2025TEG-P0350,202601050029,1330.47,"75,836.79",USD,Bumped ID June 2,,For Collection,"Carlos Roberto Francisco, David, IV Coscolluela",,,,2026,PDEI-Game Marketing,2025TEG_P350_CE_MCGG_Rising_Stars_Season_4_x_Elgin_Quotation_6.pdf,https://docs.google.com/spreadsheets/d/1xyfsSvrsXkGVsvXPNZKjkPKoypU5qlzvC5RP0seZr9I/edit?usp=sharing,2.02602190067e+11,INV-1581,519,Invoice INV-1581 __ SI No. 519.pdf,2026/03/04,2026/06/30,2026/03/02,118,0y 3m 28d late,27
Jobstreet LevelUp Tournament Season 2 Full Payment,Jobstreet,Jobstreet LevelUp Tournament Season 2,2025TEG-P0211,202511040070,303971.09,"303,971.09",PHP,Payment processing (processing time 30 days) as of May 20,,For Collection,"Carlos Roberto Francisco, David, IV Coscolluela",,,,2026,PDEI-Event Service,SIGNED --- For SignatureJSPH x Pillar Ecommerce Digital Inc. (MINESKI GLOBAL)_Q3.pdf,https://docs.google.com/spreadsheets/d/1itX5WTsUFhP-Z9i0duFDWI7yWhLEFizPNArNWUEbU9Y/edit?usp=sharing,2.02603250083e+11,INV-1602,537,INV-1602 SI NO. 537 revised.pdf,2026/03/27,2026/07/31,2026/03/27,126,0y 4m 4d late,31
Jobstreet LevelUp Tournament Addendum,Jobstreet,Jobstreet LevelUp Tournament Addendum,2025TEG-P0341,202601300013,103040,"103,040.00",PHP,Payment processing as of May 20,,For Collection,"Carlos Roberto Francisco, David, IV Coscolluela",,,,2026,PDEI-Event Service,SIGNED --- For Signature JSPH x Pillar Ecommerce Digital Inc. (MINESKI GLOBAL)_ .pdf,https://docs.google.com/spreadsheets/d/1itX5WTsUFhP-Z9i0duFDWI7yWhLEFizPNArNWUEbU9Y/edit?usp=sharing,2.02603250085e+11,INV-1609,543,INV-1609 SI NO 543.pdf,2026/04/13,2026/07/31,2026/03/06,109,0y 4m 25d late,31
SportsPlus Roadtrip Watch Party Full Payment,Infinitech Digital Gaming Corporation,SportsPlus Roadtrip Watch Party,2026TEG-P0028,202603240070,1.8013485e+06,"1,801,348.50",PHP,June 1: Securing NEW Signed CE that reflects 12% VAT. For Full collection ,,For Collection,Alvaro Miguel Dela Vega Santos,,,,2026,PDEI-Game Marketing,EXT_SportsPlus_x_MPBL_Activation_and_Festival_2026_03_12_SIGNED.pdf,https://docs.google.com/spreadsheets/d/1g3jOxcQqC_t-qgNsOBSWKM2nk1bsQbFgTTamvuoI1v4/edit?usp=sharing,2.02604130012e+11,INV-1609,544,INV-1609 SI NO. 544.pdf,2026/04/14,2026/06/07,2026/06/07,54,0y 0m 0d late,24
PESO National Grassroots Program - Caloocan Downpayment,Pilipinas E-Sports Organization Inc.,PESO National Grassroots Program - Caloocan,2026TEG-P0089,202604160044,103458.98,"103,458.98",PHP,"June 2: Checked with client the payment release
June 4: As per Alo, client is currently in Singapore and will be back in 2-3 weeks",,For Collection,Shanna Mae Alindada Sacsi,,,,2026,PDEI-Event Service,Signed CE_2026TEG-P0089 PESO NGP 1 - Caloocan.pdf,https://docs.google.com/spreadsheets/d/1Wv4dAoTx6QAnsq7uVD2T3d9nIsM8S51bfT2-TRH0gNQ/edit?usp=sharing,2.02604160048e+11,INV-1610,545,INV-1610 SI 545.pdf,2026/04/17,2026/06/30,2026/04/16,74,0y 2m 14d late,27
PESO National Grassroots Program - Caloocan Full Payment,Pilipinas E-Sports Organization Inc.,PESO National Grassroots Program - Caloocan,2026TEG-P0089,202604160044,103458.98,"103,458.98",PHP,"June 2: Checked with client the payment release
June 4: As per Alo, client is currently in Singapore and will be back in 2-3 weeks",,For Collection,Shanna Mae Alindada Sacsi,,,,2026,PDEI-Event Service,Signed CE_2026TEG-P0089 PESO NGP 1 - Caloocan.pdf,https://docs.google.com/spreadsheets/d/1Wv4dAoTx6QAnsq7uVD2T3d9nIsM8S51bfT2-TRH0gNQ/edit?usp=sharing,2.02604160049e+11,INV-1611,546,INV-1611 SI 546.pdf,2026/04/17,2026/06/30,2026/05/07,74,0y 1m 23d late,27
Minotaur x Cobra Core Event Full Payment,Minotaur Advertising Inc,Minotaur x Cobra Core Event,2026TEG-P0078,202604080057,489968.64,"489,968.64",PHP,"Invoice revised, sent to Minotaur as of June 3",,For Collection,"Carlos Roberto Francisco, David, IV Coscolluela",,,,2026,PDEI-Game Marketing,SIGNED --- CE_2026TEG-P0078 Cobra Core Event - FINAL (1) (1).pdf,https://docs.google.com/spreadsheets/d/145A38_J8lponSCJnGSvBmV6FtRWa3p-qhyhiSHXD17Y/edit?usp=sharing,2.02604160038e+11,INV-1614,549,INV-1614 SI 549.pdf,2026/04/24,2026/06/30,2026/05/25,67,0y 1m 5d late,27
Minotaur x Cobra Core Event Down Payment,Minotaur Advertising Inc,Minotaur x Cobra Core Event,2026TEG-P0078,202604080057,209986.56,"209,986.56",PHP,"Invoice revised, sent to Minotaur as of June 3",,For Collection,"Carlos Roberto Francisco, David, IV Coscolluela",,,,2026,PDEI-Game Marketing,SIGNED --- CE_2026TEG-P0078 Cobra Core Event - FINAL (1) (1).pdf,https://docs.google.com/spreadsheets/d/145A38_J8lponSCJnGSvBmV6FtRWa3p-qhyhiSHXD17Y/edit?usp=sharing,2.02604270041e+11,INV-1614,556,INV#556.pdf,2026/04/28,2026/06/30,2026/05/25,63,0y 1m 5d late,27
SportsPlus MPBL Fan Zone Opening Day DP (70%),Infinitech Digital Gaming Corporation,SportsPlus MPBL Fan Zone Opening Day,2026TEG-P0088,202604060049,885033.1,"885,033.10",PHP,June 1: Securing NEW Signed CE that reflects 12% VAT. For Full collection ,,For Collection,Alvaro Miguel Dela Vega Santos,,,,2026,PDEI-Game Marketing,SIGNED --- SportsPlus x MPBL FANZONE Opening Day 2026.04.01-SIGNED (1).pdf,https://docs.google.com/spreadsheets/d/1vavdTr5-gNgIYTqNHS3W4NLEYlyYO54T77BEJRK-tU0/edit?usp=sharing,2.02604130015e+11,INV-1617,552,INV-1617 SI 552.pdf,2026/04/24,2026/06/30,2026/04/09,67,0y 2m 21d late,27
SportsPlus MPBL Fan Zone Opening Day FP (30%),Infinitech Digital Gaming Corporation,SportsPlus MPBL Fan Zone Opening Day,2026TEG-P0088,202604060049,379299.9,"379,299.90",PHP,,,For Collection,Alvaro Miguel Dela Vega Santos,,,,2026,PDEI-Game Marketing,SIGNED --- SportsPlus x MPBL FANZONE Opening Day 2026.04.01-SIGNED (1).pdf,https://docs.google.com/spreadsheets/d/1vavdTr5-gNgIYTqNHS3W4NLEYlyYO54T77BEJRK-tU0/edit?usp=sharing,2.02604130016e+11,INV-1618,553,INV-1618 SI 553.pdf,2026/04/28,2026/07/08,2026/07/08,71,0y 0m 0d late,28
Jobstreet Umbrella Production Full Payment,Jobstreet,Jobstreet Umbrella Production,2026TEG-P0002,202601090043,57663.61,"57,663.61",PHP,Payment Processing as of May 20,,For Collection,"Carlos Roberto Francisco, David, IV Coscolluela",57663.61,"57,663.61",0.00,2026,PDEI-Game Marketing,Signed JSPH x Pillar Ecommerce Digital Inc. (MINESKI GLOBAL)_Umbrella Production.pdf,https://docs.google.com/spreadsheets/d/1UT2pczppiap0tcVk3FnI_BbA1-I2whxPQfBVugeAaY0/edit?usp=sharing,2.02604220062e+11,INV-1619,554,INV-1619 SI 554 (1).pdf,2026/04/28,2026/07/31,2026/05/28,94,0y 2m 3d late,31
Jobstreet Addendum (Parking and Boosting),Jobstreet,[ADDENDUM] Jobstreet Level Up Season 2 (Boosting and Food),2026TEG-P0121,202605070027,30705.92,"30,705.92",PHP,Invoice sent June 2,,For Collection,"Carlos Roberto Francisco, David, IV Coscolluela",,,,2026,PDEI-Event Service,SIGNED --- For Signature JSPH x Pillar Ecommerce Digital Inc (1) (1).pdf,https://docs.google.com/spreadsheets/d/1itX5WTsUFhP-Z9i0duFDWI7yWhLEFizPNArNWUEbU9Y/edit?usp=sharing,2.02605120041e+11,INV-1628,563,INV-1628 SI 563.pdf,2026/05/13,2026/07/31,2026/05/14,79,0y 2m 17d late,31
Selecta Classics Campaign 2026 - Talent Full Payment ,Selecta x Manjean,Selecta Classics Campaign 2026 - Talent,2026TEG-P0097,202604170059,101212.24,"101,212.24",PHP,Estimated June: Client will not commit exact,,For Collection,Carla Andrea Calma Crespo,,,,2026,PDEI-Game Marketing,"image.png
[16042026] Selecta Classics Talent (Manjean) QUOTATION_1.pdf",https://docs.google.com/spreadsheets/d/1ouvaFH-uj10RX_e3V6GxQNuKxg8tgfBhHDnAX7nnUyI/edit?usp=sharing,2.02605080059e+11,INV-1629,564,INV-1629 SI No 564.pdf,2026/05/21,2026/06/30,2026/05/29,40,0y 1m 1d late,27
Crossfire Legends Caster Sourcing,Mineski ID,Crossfire Legends Caster Sourcing,2026TEG-P0119,202605120054,2259.31,"128,780.67",USD,Invoice To Be Refiled Under Mineski MY,,For Collection,"Carlos Roberto Francisco, David, IV Coscolluela",,,,2026,PDEI-Game Marketing,SIGNED --- CE_2026TEG_P0119_Gameverse_2026_Crossfire_Legends_Caster_Sourcing (1).pdf,,2.0260528003e+11,INV-1631,566,Invoice INV-1631 II SI NO.566.pdf,2026/06/01,2026/07/31,,60,0y 0m 0d late,31
World Of Tanks HEAT KOL Campaign Full Payment,Wargaming,World Of Tanks HEAT KOL Campaign,2026TEG-P0082,202604070080,1399.93,"79,796.01",USD,Re-invoiced from changed CE,,For Collection,"Carlos Roberto Francisco, David, IV Coscolluela",,,,2026,PDEI-Game Marketing,"World Of Tanks HEAT KOL Campaign CE_2026TEG-P0082 CE - QUOTATION (Automated)_sig.pdf
World Of Tanks HEAT KOL Campaign CE_2026TEG-P0082 CE  Quote (1).pdf",https://docs.google.com/spreadsheets/d/1OMxmmxrlh88BWOQKwEXPJFwEJDxXzSHuupU034GW038/edit?gid=480848512#gid=480848512,2.02605200077e+11,INV1623,558,Invoice INV-1623 II SI NO.558.pdf,2026/05/05,2026/06/08,2026/06/30,34,0y 0m 22d early,24
Minotaur x Cobra Core Event Addendum,Minotaur Advertising Inc,Minotaur x Cobra Core Event Addendum,2026TEG-P0099,202604200066,87180.8,"87,180.80",PHP,"Invoice revised, sent to Minotaur as of June 3",,For Collection,"Carlos Roberto Francisco, David, IV Coscolluela",,,,2026,PDEI-Game Marketing,SIGNED ---- CE_2026TEG-P0078 Cobra Core  - Addendum_signed (1) (1).pdf,https://docs.google.com/spreadsheets/d/145A38_J8lponSCJnGSvBmV6FtRWa3p-qhyhiSHXD17Y/edit?usp=sharing,2.0260427004e+11,,559,INV#559.pdf,2026/05/06,2026/06/22,,47,0y 0m 0d late,26
Crossfire Legends Caster Sourcing Full Payment,Mineski ID,Crossfire Legends Caster Sourcing,2026TEG-P0119,202605120054,131000,"131,000.00",PHP,Needs to be refiled under Mineski MY instead of ID,,For Collection,"Carlos Roberto Francisco, David, IV Coscolluela",,,,2026,PDEI-Game Marketing,SIGNED --- CE_2026TEG_P0119_Gameverse_2026_Crossfire_Legends_Caster_Sourcing (1).pdf,,2.0260528003e+11,,,,,2026/08/24,,0,0y 0m 0d late,35
KIS4 Rebroadcast Full Payment,Mineski ID,KIS4 Rebroadcast,2026TEG-P0007,202601190092,35000,"1,995,000.00",USD,,,Collected,Carla Andrea Calma Crespo,35000,"1,995,000.00",0.00,2026,GG-Event Service,SIGNED --- 5_6328092698100112523_copy (1).pdf,,2.02602050016e+11,INV-0164,,Invoice INV-0164.pdf,2026/02/05,2026/05/08,,92,0y 0m 0d late,19
KIS4 IT Services Full Payment,Mineski ID,KIS4 IT Services,2026TEG-P0008,202601060161,22145.74,"1,262,307.18",USD,,,Collected,Carla Andrea Calma Crespo,22145.74,"1,262,307.18",0.00,2026,GG-Event Service,QUOTATION SIGNED - KIS 4 IT Services.pdf,,2.02604230006e+11,INV-0175,163,Invoice INV-0175 __ SI#163.pdf,2026/04/26,2026/05/08,2026/02/20,12,0y 2m 18d late,19
SMDC Heroes Clash (Casters Addendum),SM Development Corporation,SMDC Heroes Clash Community Arena,2025TEG-P0247,202509190067,20547.3,"20,547.30",PHP,May 11: Marked as paid in SM's system,,Collected,"Carlos Roberto Francisco, David, IV Coscolluela",20547.3,"20,547.30",0.00,2025,PDEI-Event Service,FULLY SIGNED --- SMDC Heroes Clash Yr 3 CE_ 2025TEG-P0247 - 9_19.pdf,https://docs.google.com/spreadsheets/d/1gGvjfA48zaaBrbN3feH-8NlhaaVomSKMlL6uCLEnYco/edit?gid=0#gid=0,2.02510280061e+11,INV-1526,478,INV 478(1).pdf,2025/11/18,2026/04/30,,163,0y 0m 0d late,18
SMDC Heroes Clash (Extra Referees),SM Development Corporation,SMDC Heroes Clash Community Arena,2025TEG-P0247,202509190067,8624,"8,624.00",PHP,May 11: Marked as paid in SM's system,,Collected,"Carlos Roberto Francisco, David, IV Coscolluela",8624,"8,624.00",0.00,2025,PDEI-Event Service,FULLY SIGNED --- SMDC Heroes Clash Yr 3 CE_ 2025TEG-P0247 - 9_19.pdf,https://docs.google.com/spreadsheets/d/1gGvjfA48zaaBrbN3feH-8NlhaaVomSKMlL6uCLEnYco/edit?gid=0#gid=0,2.02511180042e+11,INV-1542,481,INVOICE 481.jpg,2025/11/20,2026/04/30,,161,0y 0m 0d late,18
BuzzOne - C-Vitt Brand Activation Full Payment,DIGITAL TRIGGER DIGITAL MEDIA INC,BuzzOne - C-Vitt Brand Activation,2025TEG-P0135,202505070018,1.17543698e+06,"1,175,436.98",PHP,April 17: Full payment received,,Collected,Shanna Mae Alindada Sacsi,1.17543698e+06,"1,175,436.98",0.00,2025,PDEI-Game Marketing,[SIGNED] V2 - [Mineski x BuzzOne C-VITT] - QUOTATION [PHP].pdf,https://docs.google.com/spreadsheets/d/1XtIUqRwut5dChCuCcnphr1dwTcGozhoFsLsZhjA7u5w/edit?usp=sharing,2.02512010046e+11,INV-1550,486,Inv 486.pdf,2025/12/02,2026/04/24,2025/09/20,143,0y 7m 4d late,17
SMDC Heroes Clash Year 3 (MPLACE),SM Development Corporation,SMDC Heroes Clash Community Arena,2025TEG-P0247,202509190067,196000,"196,000.00",PHP,May 11: Marked as paid in SM's system,,Collected,"Carlos Roberto Francisco, David, IV Coscolluela",196000,"196,000.00",0.00,2025,PDEI-Event Service,FULLY SIGNED --- SMDC Heroes Clash Yr 3 CE_ 2025TEG-P0247 - 9_19.pdf,https://docs.google.com/spreadsheets/d/1gGvjfA48zaaBrbN3feH-8NlhaaVomSKMlL6uCLEnYco/edit?gid=0#gid=0,2.02601190088e+11,INV-1569,506,Inv 506.pdf,2026/01/21,2026/04/30,,99,0y 0m 0d late,18
SMDC Heroes Clash Year 3 (SM Light Mall),SM Development Corporation,SMDC Heroes Clash Community Arena,2025TEG-P0247,202509190067,197000,"197,000.00",PHP,May 11: Marked as paid in SM's system,,Collected,"Carlos Roberto Francisco, David, IV Coscolluela",197000,"197,000.00",0.00,2025,PDEI-Event Service,FULLY SIGNED --- SMDC Heroes Clash Yr 3 CE_ 2025TEG-P0247 - 9_19.pdf,https://docs.google.com/spreadsheets/d/1gGvjfA48zaaBrbN3feH-8NlhaaVomSKMlL6uCLEnYco/edit?gid=0#gid=0,2.02601190093e+11,INV-1570,507,Inv 507.pdf,2026/01/21,2026/04/30,,99,0y 0m 0d late,18
SMDC Heroes Clash Year 3 (Sun),SM Development Corporation,SMDC Heroes Clash Community Arena,2025TEG-P0247,202509190067,197000,"197,000.00",PHP,May 11: Marked as paid in SM's system,,Collected,"Carlos Roberto Francisco, David, IV Coscolluela",197000,"197,000.00",0.00,2025,PDEI-Event Service,FULLY SIGNED --- SMDC Heroes Clash Yr 3 CE_ 2025TEG-P0247 - 9_19.pdf,https://docs.google.com/spreadsheets/d/1gGvjfA48zaaBrbN3feH-8NlhaaVomSKMlL6uCLEnYco/edit?gid=0#gid=0,2.0260119009e+11,INV-1571,508,Inv 508.pdf,2026/01/21,2026/04/30,,99,0y 0m 0d late,18
Mineski Outpost - Don Bosco Alumni 2001 Full Payment,Don Bosco,Mineski Outpost - Don Bosco Alumni 2001,2026TEG-P0017,,37500,"37,500.00",PHP,,,Collected,Alvaro Miguel Dela Vega Santos,37500,"37,500.00",0.00,2026,PDEI-IP,PDEI x AMD x AsRock Sponsorship Agreement 21012026 signed.pdf,,2.02602090002e+11,INV-1579,517,INV 517.pdf,2026/02/10,2026/02/28,2026/02/28,18,0y 0m 0d late,9
AVP Production for LARES Downpayment (70%),Land Registration Systems Inc ,AVP Production for Land Registration Systems Inc,2026TEG-P0054,202603040036,243873,"243,873.00",PHP,Mar 19: Collected,,Collected,Shanna Mae Alindada Sacsi,243873,"243,873.00",0.00,2026,PDEI-Game Marketing,[LARES x Mineski] Final Conforme (2026.03.05) (1).pdf,https://docs.google.com/spreadsheets/d/1n6NYsWbb9XMpFRYoaBcRfQ2rJm1J2xW3mh0oLa-gX48/edit?gid=480848512#gid=480848512,2.02603060069e+11,INV-1591,534,SI#534.pdf,2026/03/17,2026/04/17,2026/03/13,31,0y 1m 4d late,16
PESO MLBB Asian Games Broadcast Downpayment,Pilipinas E-Sports Organization Inc.,PESO MLBB Asian Games Broadcast,2026TEG-P0075,202603110079,58166.08,"58,166.08",PHP,,,Collected,aloboy,58166.08,"58,166.08",0.00,2026,PDEI-Event Service,SIGNED  - - CE_2026TEG-P0075 PESO Asian Games Broadcast - QUOTATION PESO v2 (Aut.pdf,https://docs.google.com/spreadsheets/d/1XqYYDY5ciZRdDKn6O-enqu_4jOZ7iPRZICbcQaCFYrM/edit?usp=sharing,2.0260311008e+11,INV-1594,532,INV-1594 SI NO. 532.pdf,2026/03/13,2026/04/27,2026/03/19,45,0y 1m 8d late,18
MPL PH S17 Downpayment ,Moonton Philippines Technology Inc.,MPL PH S17,2026TEG-P0009,202602190021,2.264489655e+07,"22,644,896.55",PHP,,,Collected,Marcus Joaquin Viray Gonzales,2.264489655e+07,"22,644,896.55",0.00,2026,PDEI-Event Service,[REVISED] CE-2026TEG-P0009-MPL PH S17.pdf,https://docs.google.com/spreadsheets/d/1TO1l4QgZu9SyxbryM68AwIFA3bOs1KqhbjbsOmyBXPc/edit?usp=sharing,2.02603170106e+11,INV-1598,535,INV-1598 SI 535.pdf,2026/03/23,2026/03/23,2026/04/10,0,0y 0m 18d early,13
MPL PH S17 Addedum for Gen Set Downpayment (50%),Moonton Philippines Technology Inc.,MPL PH S17 Addendum (Genset Diesel),2026TEG-P0085,202603300095,324889.6,"324,889.60",PHP,,,Collected,Marcus Joaquin Viray Gonzales,324889.6,"324,889.60",0.00,2026,PDEI-Event Service,CE-2026TEG-P0085-MPL PH S17 Addendum.pdf,https://docs.google.com/spreadsheets/d/1wPgnLLpi1hbpY9t9l9EJr3FNYeQ4WrECK7BTcEaM7Xw/edit?usp=sharing,2.02603300096e+11,INV-1604,539,INV-1604 SI NO. 539.pdf,2026/04/01,2026/04/13,2026/04/30,12,0y 0m 17d early,16
AVP Production for LARES Full Payment,Land Registration Systems Inc ,AVP Production for Land Registration Systems Inc,2026TEG-P0054,202603040036,104517,"104,517.00",PHP,May 11: Collected,,Collected,Shanna Mae Alindada Sacsi,104517,"104,517.00",0.00,2026,PDEI-Game Marketing,[LARES x Mineski] Final Conforme (2026.03.05) (1).pdf,https://docs.google.com/spreadsheets/d/1n6NYsWbb9XMpFRYoaBcRfQ2rJm1J2xW3mh0oLa-gX48/edit?gid=480848512#gid=480848512,2.02604060015e+11,INV-1606,540,INV-1606 SI NO. 540.pdf,2026/04/06,2026/05/11,2026/04/17,35,0y 0m 24d late,20
PESO MLBB Asian Games Broadcast Full Payment,Pilipinas E-Sports Organization Inc.,PESO MLBB Asian Games Broadcast,2026TEG-P0075,202603110079,58166.08,"58,166.08",PHP,,,Collected,aloboy,58166.08,"58,166.08",0.00,2026,PDEI-Event Service,SIGNED  - - CE_2026TEG-P0075 PESO Asian Games Broadcast - QUOTATION PESO v2 (Aut.pdf,https://docs.google.com/spreadsheets/d/1XqYYDY5ciZRdDKn6O-enqu_4jOZ7iPRZICbcQaCFYrM/edit?usp=sharing,2.02604070043e+11,INV-1607,542,INV-1607 SI NO. 542.pdf,2026/04/07,2026/04/27,2026/04/16,20,0y 0m 11d late,18
SM Cyberzone Trading Card Game (TCG) Activations ADDENDUM,SM Prime Holdings Inc.,Addendum - SM Cyberzone Tabletop Throwdown,2026TEG-P0053,202602270013,15748.99,"15,748.99",PHP,May 11: Marked as paid in SM's system,,Collected,Shanna Mae Alindada Sacsi,15748.99,"15,748.99",0.00,2026,PDEI-Event Service,CE_2025TEG-P0278 SM Cyberzone TCG x Challenger Series.pdf,https://docs.google.com/spreadsheets/d/1JW69zDQ4bh1bZcU3xjEVIFAINSze7q6_Fd0yrfBgakA/edit?usp=sharing,2.0260413003e+11,INV-1613,548,INV-1613 SI 548.pdf,2026/04/24,2026/05/18,2026/04/10,24,0y 1m 8d late,21
SportsPlus Roadtrip Watch Party Down Payment,Infinitech Digital Gaming Corporation,SportsPlus Roadtrip Watch Party,2026TEG-P0028,202603240070,772006.5,"772,006.50",PHP,,,Collected,Alvaro Miguel Dela Vega Santos,772006.5,"772,006.50",0.00,2026,PDEI-Game Marketing,EXT_SportsPlus_x_MPBL_Activation_and_Festival_2026_03_12_SIGNED.pdf,https://docs.google.com/spreadsheets/d/1g3jOxcQqC_t-qgNsOBSWKM2nk1bsQbFgTTamvuoI1v4/edit?usp=sharing,2.02604130013e+11,INV-1615,550,INV-1615 SI 550.pdf,2026/04/24,2026/04/08,2026/04/08,16,0y 0m 0d late,15
SM Cyberzone Trading Card Game (TCG) Activations Full Payment,SM Prime Holdings Inc.,SM Cyberzone Tabletop Throwdown,2025TEG-P0278,202602090082,2.95912687e+06,"2,959,126.87",PHP,May 11: Marked as paid in SM's system,,Collected,Shanna Mae Alindada Sacsi,2.95912687e+06,"2,959,126.87",0.00,2026,PDEI-Event Service,[4.8] CE_2025TEG-P0278 SM Cyberzone TCG x Challenger Series.pdf,https://docs.google.com/spreadsheets/d/1JW69zDQ4bh1bZcU3xjEVIFAINSze7q6_Fd0yrfBgakA/edit?gid=253769181#gid=253769181,2.02604220016e+11,INV-1616,551,INV-1616 SI 551.pdf,2026/04/24,2026/05/18,2026/04/10,24,0y 1m 8d late,21
Mineski Outpost - Don Bosco Alumni AMD X-Deal,Don Bosco,Mineski Outpost - Don Bosco Alumni AMD X-Deal,2026TEG-P0018,,33482.14,"33,482.14",PHP,,,Collected,Alvaro Miguel Dela Vega Santos,33482.14,"33,482.14",0.00,2026,PDEI-IP,,,,,,,,2026/01/30,,0,0y 0m 0d late,5
GG Truck KIS4 HoK Full Payment,Dragon AI Media,GG Truck KIS4 HoK,2026TEG-P0036,202602050062,62500,"62,500.00",PHP,,,Collected,Alvaro Miguel Dela Vega Santos,62500,"62,500.00",0.00,2026,GG-Event Service,,,,,,,,2026/05/08,,0,0y 0m 0d late,19
RaizeSquad GG Truck Rental Full Payment,RaizeSquadPH,RaizeSquad GG Truck Rental,2026TEG-P0098,,18303.57,"18,303.57",PHP,,,Collected,Marcus Joaquin Viray Gonzales,18303.57,"18,303.57",0.00,2026,GG-Event Service,,,,,,,,2026/01/30,,0,0y 0m 0d late,5
SM Cyberzone Trading Card Game (TCG) Activations Full Payment,SM Prime Holdings Inc.,SM Cyberzone Tabletop Throwdown,2025TEG-P0278,202602090082,1.2e+06,"1,200,000.00",PHP,Amount changed due to penalty. See INV-1616 for new invoice.,,Invalid,Shanna Mae Alindada Sacsi,,,,2026,PDEI-Event Service,[4.8] CE_2025TEG-P0278 SM Cyberzone TCG x Challenger Series.pdf,https://docs.google.com/spreadsheets/d/1JW69zDQ4bh1bZcU3xjEVIFAINSze7q6_Fd0yrfBgakA/edit?gid=253769181#gid=253769181,2.0260309005e+11,INV-1592,531,INV-1592 SI NO 531.pdf,2026/03/11,2026/04/10,2026/04/10,30,0y 0m 0d late,15
World Of Tanks HEAT KOL Campaign Full Payment,Wargaming,World Of Tanks HEAT KOL Campaign,2026TEG-P0082,202604070080,999.89,"56,993.73",USD,Re-invoiced from changed CE,,Invalid,"Carlos Roberto Francisco, David, IV Coscolluela",,,,2026,PDEI-Game Marketing,"World Of Tanks HEAT KOL Campaign CE_2026TEG-P0082 CE - QUOTATION (Automated)_sig.pdf
World Of Tanks HEAT KOL Campaign CE_2026TEG-P0082 CE  Quote (1).pdf",https://docs.google.com/spreadsheets/d/1OMxmmxrlh88BWOQKwEXPJFwEJDxXzSHuupU034GW038/edit?gid=480848512#gid=480848512,2.02604270042e+11,INV-1623,558,Invoice INV-1623 II SI NO.558.pdf,2026/05/05,2026/06/30,2026/05/29,56,0y 1m 1d late,27
